dicots 	 Acer_campestre 	 genomic_data 	 drAceCamp1 	 hic-arima2
dicots 	 Acer_campestre 	 genomic_data 	 drAceCamp1 	 pacbio
dicots 	 Achillea_millefolium 	 genomic_data 	 daAchMill1 	 hic-arima2
dicots 	 Achillea_ptarmica 	 genomic_data 	 daAchPtar1 	 hic-arima2
dicots 	 Adonis_annua 	 genomic_data 	 dmAdoAnnu1 	 pacbio
dicots 	 Adoxa_moschatellina 	 genomic_data 	 daAdoMosc1 	 10x
dicots 	 Adoxa_moschatellina 	 genomic_data 	 daAdoMosc1 	 pacbio
dicots 	 Agrimonia_eupatoria 	 genomic_data 	 drAgrEupa1 	 hic-arima2
dicots 	 Agrostemma_githago 	 genomic_data 	 dcAgrGith1 	 hic-arima2
dicots 	 Agrostemma_githago 	 genomic_data 	 dcAgrGith1 	 pacbio
dicots 	 Ailanthus_altissima 	 genomic_data 	 drAilAlti1 	 10x
dicots 	 Ailanthus_altissima 	 genomic_data 	 drAilAlti1 	 hic-arima2
dicots 	 Ailanthus_altissima 	 genomic_data 	 drAilAlti1 	 pacbio
dicots 	 Alchemilla_alpina 	 genomic_data 	 drAlcAlpi1 	 hic-arima2
dicots 	 Alchemilla_alpina 	 genomic_data 	 drAlcAlpi1 	 pacbio
dicots 	 Alchemilla_arvensis 	 genomic_data 	 drAlcArve10 	 hic-arima2
dicots 	 Alchemilla_arvensis 	 genomic_data 	 drAlcArve9 	 pacbio
dicots 	 Alchemilla_micans 	 genomic_data 	 drAlcMica1 	 pacbio
dicots 	 Alnus_glutinosa 	 genomic_data 	 dhAlnGlut1 	 10x
dicots 	 Alnus_glutinosa 	 genomic_data 	 dhAlnGlut1 	 hic-arima2
dicots 	 Alnus_glutinosa 	 genomic_data 	 dhAlnGlut1 	 pacbio
dicots 	 Anagallis_arvensis 	 genomic_data 	 ddAnaArve1 	 hic-arima2
dicots 	 Andromeda_polifolia 	 genomic_data 	 ddAndPoli2 	 hic-arima2
dicots 	 Andromeda_polifolia 	 genomic_data 	 ddAndPoli5 	 hic-arima2
dicots 	 Anemone_pulsatilla 	 genomic_data 	 dmAnePuls1 	 10x
dicots 	 Anemone_pulsatilla 	 genomic_data 	 dmAnePuls1 	 pacbio
dicots 	 Angelica_archangelica 	 genomic_data 	 drAngArch1 	 hic-arima2
dicots 	 Angelica_archangelica 	 genomic_data 	 drAngArch1 	 pacbio
dicots 	 Angelica_sylvestris 	 genomic_data 	 drAngSylv1 	 hic-arima2
dicots 	 Anthriscus_sylvestris 	 genomic_data 	 drAntSylv1 	 hic-arima2
dicots 	 Anthriscus_sylvestris 	 genomic_data 	 drAntSylv1 	 pacbio
dicots 	 Anthyllis_vulneraria 	 genomic_data 	 drAntVuln1 	 hic-arima2
dicots 	 Anthyllis_vulneraria 	 genomic_data 	 drAntVuln1 	 pacbio
dicots 	 Arabidopsis_thaliana 	 genomic_data 	 ddAraThal4 	 10x
dicots 	 Arabidopsis_thaliana 	 genomic_data 	 ddAraThal4 	 pacbio
dicots 	 Arabidopsis_thaliana 	 genomic_data 	 ddAraThal6 	 hic-arima2
dicots 	 Arctium_minus 	 genomic_data 	 daArcMinu1 	 10x
dicots 	 Arctium_minus 	 genomic_data 	 daArcMinu1 	 hic-arima2
dicots 	 Arctium_minus 	 genomic_data 	 daArcMinu1 	 pacbio
dicots 	 Arctostaphylos_uva-ursi 	 genomic_data 	 ddArcUvan1 	 hic-arima2
dicots 	 Arctostaphylos_uva-ursi 	 genomic_data 	 ddArcUvan1 	 pacbio
dicots 	 Aristolochia_clematitis 	 genomic_data 	 dmAriClem1 	 hic-arima2
dicots 	 Armoracia_rusticana 	 genomic_data 	 ddArmRust1 	 hic-arima2
dicots 	 Artemisia_maritima 	 genomic_data 	 daArtMari1 	 hic-arima2
dicots 	 Artemisia_vulgaris 	 genomic_data 	 daArtVulg1 	 hic-arima2
dicots 	 Astragalus_glycyphyllos 	 genomic_data 	 drAstGlyc1 	 hic-arima2
dicots 	 Atriplex_glabriuscula 	 genomic_data 	 dcAtrGlab1 	 hic-arima2
dicots 	 Atriplex_laciniata 	 genomic_data 	 dcAtrLaci1 	 hic-arima2
dicots 	 Atriplex_littoralis 	 genomic_data 	 dcAtrLitt1 	 hic-arima2
dicots 	 Atriplex_praecox 	 genomic_data 	 dcAtrPrae1 	 hic-arima2
dicots 	 Atropa_belladonna 	 genomic_data 	 daAtrBela1 	 10x
dicots 	 Atropa_belladonna 	 genomic_data 	 daAtrBela1 	 pacbio
dicots 	 Ballota_nigra 	 genomic_data 	 daBalNigr1 	 10x
dicots 	 Ballota_nigra 	 genomic_data 	 daBalNigr1 	 hic-arima2
dicots 	 Ballota_nigra 	 genomic_data 	 daBalNigr1 	 pacbio
dicots 	 Bellis_perennis 	 genomic_data 	 daBelPere1 	 10x
dicots 	 Bellis_perennis 	 genomic_data 	 daBelPere1 	 hic-arima2
dicots 	 Bellis_perennis 	 genomic_data 	 daBelPere1 	 pacbio
dicots 	 Berberis_aquifolium 	 genomic_data 	 dmBerAqui1 	 hic-arima2
dicots 	 Berberis_aquifolium 	 genomic_data 	 dmBerAqui1 	 pacbio
dicots 	 Berberis_vulgaris 	 genomic_data 	 dmBerVulg1 	 hic-arima2
dicots 	 Beta_vulgaris 	 genomic_data 	 dcBetVulg1 	 hic-arima2
dicots 	 Betula_pubescens 	 genomic_data 	 dhBetPube1 	 hic-arima2
dicots 	 Betula_pubescens 	 genomic_data 	 dhBetPube1 	 pacbio
dicots 	 Bistorta_vivipara 	 genomic_data 	 dcBisVivi2 	 hic-arima2
dicots 	 Blackstonia_perfoliata 	 genomic_data 	 daBlaPerf1 	 hic-arima2
dicots 	 Blackstonia_perfoliata 	 genomic_data 	 daBlaPerf2 	 hic-arima2
dicots 	 Borago_officinalis 	 genomic_data 	 daBorOffi1 	 10x
dicots 	 Borago_officinalis 	 genomic_data 	 daBorOffi1 	 pacbio
dicots 	 Brassica_nigra 	 genomic_data 	 ddBraNigr1 	 hic-arima2
dicots 	 Brassica_oleracea 	 genomic_data 	 ddBraOler1 	 10x
dicots 	 Brassica_oleracea 	 genomic_data 	 ddBraOler1 	 hic-arima2
dicots 	 Brassica_oleracea 	 genomic_data 	 ddBraOler1 	 pacbio
dicots 	 Bryonia_dioica 	 genomic_data 	 ddBryDioi1 	 10x
dicots 	 Bryonia_dioica 	 genomic_data 	 ddBryDioi1 	 hic-arima2
dicots 	 Bryonia_dioica 	 genomic_data 	 ddBryDioi1 	 pacbio
dicots 	 Buddleja_davidii 	 genomic_data 	 daBudDavi1 	 10x
dicots 	 Buddleja_davidii 	 genomic_data 	 daBudDavi1 	 hic-arima2
dicots 	 Buddleja_davidii 	 genomic_data 	 daBudDavi1 	 pacbio
dicots 	 Buxus_sempervirens 	 genomic_data 	 drBuxSemp1 	 hic-arima2
dicots 	 Buxus_sempervirens 	 genomic_data 	 drBuxSemp1 	 pacbio
dicots 	 Cakile_maritima 	 genomic_data 	 ddCakMari1 	 hic-arima2
dicots 	 Cakile_maritima 	 genomic_data 	 ddCakMari1 	 pacbio
dicots 	 Calendula_officinalis 	 genomic_data 	 daCalOffi1 	 hic-arima2
dicots 	 Calystegia_sepium 	 genomic_data 	 daCalSepi1 	 10x
dicots 	 Campanula_glomerata 	 genomic_data 	 daCamGlom1 	 hic-arima2
dicots 	 Campanula_rotundifolia 	 genomic_data 	 daCamRotu1 	 hic-arima2
dicots 	 Capsella_bursa-pastoris 	 genomic_data 	 ddCapBurs3 	 hic-arima2
dicots 	 Cardamine_flexuosa 	 genomic_data 	 ddCarFlex1 	 hic-arima2
dicots 	 Carpinus_betulus 	 genomic_data 	 dhCarBetu1 	 hic-arima2
dicots 	 Carpinus_betulus 	 genomic_data 	 dhCarBetu1 	 pacbio
dicots 	 Cerastium_fontanum 	 genomic_data 	 dcCerFont2 	 hic-arima2
dicots 	 Cerastium_fontanum 	 genomic_data 	 dcCerFont2 	 pacbio
dicots 	 Cerastium_glomeratum 	 genomic_data 	 dcCerGlom1 	 pacbio
dicots 	 Ceratophyllum_demersum 	 genomic_data 	 dmCerDeme1 	 hic-arima2
dicots 	 Chaenorhinum_minus 	 genomic_data 	 daChaMinu3 	 10x
dicots 	 Chaenorhinum_minus 	 genomic_data 	 daChaMinu3 	 hic-arima2
dicots 	 Chaenorhinum_minus 	 genomic_data 	 daChaMinu3 	 pacbio
dicots 	 Chamaemelum_nobile 	 genomic_data 	 daChaNobi1 	 10x
dicots 	 Chamaemelum_nobile 	 genomic_data 	 daChaNobi1 	 hic-arima2
dicots 	 Chamaemelum_nobile 	 genomic_data 	 daChaNobi1 	 pacbio
dicots 	 Chamaenerion_angustifolium 	 genomic_data 	 drChaAngu1 	 10x
dicots 	 Chamaenerion_angustifolium 	 genomic_data 	 drChaAngu1 	 hic-arima2
dicots 	 Chamaenerion_angustifolium 	 genomic_data 	 drChaAngu1 	 pacbio
dicots 	 Chelidonium_majus 	 genomic_data 	 dmCheMaju1 	 10x
dicots 	 Chelidonium_majus 	 genomic_data 	 dmCheMaju1 	 hic-arima2
dicots 	 Chelidonium_majus 	 genomic_data 	 dmCheMaju1 	 pacbio
dicots 	 Chenopodium_album 	 genomic_data 	 dcCheAlbu1 	 hic-arima2
dicots 	 Chenopodium_album 	 genomic_data 	 dcCheAlbu1 	 pacbio
dicots 	 Cicerbita_muralis 	 genomic_data 	 daCicMura1 	 10x
dicots 	 Cicerbita_muralis 	 genomic_data 	 daCicMura1 	 pacbio
dicots 	 Cichorium_intybus 	 genomic_data 	 daCicInty1 	 hic-arima2
dicots 	 Claytonia_sibirica 	 genomic_data 	 dcClaSibi1 	 hic-arima2
dicots 	 Clematis_vitalba 	 genomic_data 	 dmCleVita1 	 10x
dicots 	 Clematis_vitalba 	 genomic_data 	 dmCleVita1 	 pacbio
dicots 	 Coincya_wrightii 	 genomic_data 	 ddCoiWrig1 	 hic-arima2
dicots 	 Comarum_palustre 	 genomic_data 	 drComPalu1 	 hic-arima2
dicots 	 Convolvulus_arvensis 	 genomic_data 	 daConArve2 	 10x
dicots 	 Convolvulus_arvensis 	 genomic_data 	 daConArve2 	 hic-arima2
dicots 	 Convolvulus_arvensis 	 genomic_data 	 daConArve2 	 pacbio
dicots 	 Cornus_suecica 	 genomic_data 	 drCorSuec1 	 hic-arima2
dicots 	 Cornus_suecica 	 genomic_data 	 drCorSuec1 	 pacbio
dicots 	 Corylus_avellana 	 genomic_data 	 dhCorAvel1 	 hic-arima2
dicots 	 Crataegus_laevigata 	 genomic_data 	 drCraLaev2 	 pacbio
dicots 	 Crataegus_monogyna 	 genomic_data 	 drCraMono1 	 hic-arima2
dicots 	 Crataegus_monogyna 	 genomic_data 	 drCraMono1 	 pacbio
dicots 	 Crithmum_maritimum 	 genomic_data 	 drCriMari1 	 10x
dicots 	 Crithmum_maritimum 	 genomic_data 	 drCriMari1 	 hic-arima2
dicots 	 Cruciata_laevipes 	 genomic_data 	 daCruLaev1 	 pacbio
dicots 	 Daphne_mezereum 	 genomic_data 	 ddDapMeze1 	 hic-arima2
dicots 	 Daphne_mezereum 	 genomic_data 	 ddDapMeze1 	 pacbio
dicots 	 Dasiphora_fruticosa 	 genomic_data 	 drDasFrut1 	 hic-arima2
dicots 	 Dasiphora_fruticosa 	 genomic_data 	 drDasFrut1 	 pacbio
dicots 	 Dianthus_deltoides 	 genomic_data 	 dcDiaDelt1 	 10x
dicots 	 Dianthus_deltoides 	 genomic_data 	 dcDiaDelt1 	 pacbio
dicots 	 Digitalis_purpurea 	 genomic_data 	 daDigPurp3 	 hic-arima2
dicots 	 Drosera_anglica 	 genomic_data 	 dcDroAngl1 	 hic-arima2
dicots 	 Dryas_octopetala 	 genomic_data 	 drDryOcto1 	 hic-arima2
dicots 	 Epilobium_hirsutum 	 genomic_data 	 drEpiHirs1 	 hic-arima2
dicots 	 Erica_ciliaris 	 genomic_data 	 ddEriCili1 	 hic-arima2
dicots 	 Erica_cinerea 	 genomic_data 	 ddEriCine1 	 hic-arima2
dicots 	 Erodium_maritimum 	 genomic_data 	 drEroMari1 	 10x
dicots 	 Erodium_maritimum 	 genomic_data 	 drEroMari1 	 pacbio
dicots 	 Erodium_moschatum 	 genomic_data 	 drEroMosc1 	 hic-arima2
dicots 	 Erodium_moschatum 	 genomic_data 	 drEroMosc1 	 pacbio
dicots 	 Eryngium_campestre 	 genomic_data 	 drEryCamp1 	 hic-arima2
dicots 	 Euonymus_europaeus 	 genomic_data 	 drEuoEuro1 	 hic-arima2
dicots 	 Euonymus_europaeus 	 genomic_data 	 drEuoEuro1 	 pacbio
dicots 	 Eupatorium_cannabinum 	 genomic_data 	 daEupCann1 	 10x
dicots 	 Eupatorium_cannabinum 	 genomic_data 	 daEupCann1 	 hic-arima2
dicots 	 Euphorbia_amygdaloides 	 genomic_data 	 ddEupAmyg1 	 pacbio
dicots 	 Euphorbia_lathyris 	 genomic_data 	 ddEupLath1 	 10x
dicots 	 Euphorbia_lathyris 	 genomic_data 	 ddEupLath1 	 pacbio
dicots 	 Euphorbia_peplus 	 genomic_data 	 ddEupPepu3 	 10x
dicots 	 Euphorbia_peplus 	 genomic_data 	 ddEupPepu3 	 hic-arima2
dicots 	 Euphorbia_peplus 	 genomic_data 	 ddEupPepu3 	 pacbio
dicots 	 Euphrasia_confusa 	 genomic_data 	 daEupConf3 	 hic-arima2
dicots 	 Euphrasia_foulaensis 	 genomic_data 	 daEupFoul1 	 pacbio
dicots 	 Fagus_sylvatica 	 genomic_data 	 dhFagSylv1 	 hic-arima2
dicots 	 Fallopia_convolvulus 	 genomic_data 	 dcFalConv1 	 10x
dicots 	 Fallopia_convolvulus 	 genomic_data 	 dcFalConv1 	 hic-arima2
dicots 	 Filipendula_ulmaria 	 genomic_data 	 drFilUlma1 	 10x
dicots 	 Filipendula_ulmaria 	 genomic_data 	 drFilUlma1 	 hic-arima2
dicots 	 Filipendula_ulmaria 	 genomic_data 	 drFilUlma1 	 pacbio
dicots 	 Fragaria_vesca 	 genomic_data 	 drFraVesc1 	 hic-arima2
dicots 	 Fumaria_muralis 	 genomic_data 	 dmFumMura1 	 hic-arima2
dicots 	 Fumaria_muralis 	 genomic_data 	 dmFumMura2 	 10x
dicots 	 Fumaria_muralis 	 genomic_data 	 dmFumMura2 	 hic-arima2
dicots 	 Fumaria_muralis 	 genomic_data 	 dmFumMura2 	 pacbio
dicots 	 Galium_aparine 	 genomic_data 	 daGalApar1 	 pacbio
dicots 	 Galium_odoratum 	 genomic_data 	 daGalOdor1 	 hic-arima2
dicots 	 Geranium_columbinum 	 genomic_data 	 drGerColu1 	 hic-arima2
dicots 	 Geranium_dissectum 	 genomic_data 	 drGerDiss1 	 hic-arima2
dicots 	 Geranium_dissectum 	 genomic_data 	 drGerDiss1 	 pacbio
dicots 	 Geranium_lucidum 	 genomic_data 	 drGerLuci1 	 pacbio
dicots 	 Geranium_robertianum 	 genomic_data 	 drGerRobe1 	 hic-arima2
dicots 	 Geranium_robertianum 	 genomic_data 	 drGerRobe1 	 pacbio
dicots 	 Geranium_rotundifolium 	 genomic_data 	 drGerRotu1 	 hic-arima2
dicots 	 Geranium_sanguineum 	 genomic_data 	 drGerSang1 	 hic-arima2
dicots 	 Geranium_sylvaticum 	 genomic_data 	 drGerSylv1 	 hic-arima2
dicots 	 Geranium_sylvaticum 	 genomic_data 	 drGerSylv1 	 pacbio
dicots 	 Geum_rivale 	 genomic_data 	 drGeuRiva1 	 hic-arima2
dicots 	 Geum_rivale 	 genomic_data 	 drGeuRiva1 	 pacbio
dicots 	 Geum_urbanum 	 genomic_data 	 drGeuUrba1 	 10x
dicots 	 Geum_urbanum 	 genomic_data 	 drGeuUrba1 	 hic-arima2
dicots 	 Geum_urbanum 	 genomic_data 	 drGeuUrba1 	 pacbio
dicots 	 Glaucium_flavum 	 genomic_data 	 dmGlaFlav1 	 hic-arima2
dicots 	 Glaucium_flavum 	 genomic_data 	 dmGlaFlav1 	 pacbio
dicots 	 Glaux_maritima 	 genomic_data 	 ddGlaMari1 	 hic-arima2
dicots 	 Hedera_helix 	 genomic_data 	 drHedHeli1 	 10x
dicots 	 Hedera_helix 	 genomic_data 	 drHedHeli1 	 hic-arima2
dicots 	 Hedera_helix 	 genomic_data 	 drHedHeli1 	 pacbio
dicots 	 Hedera_helix 	 genomic_data 	 drHedHeli4 	 10x
dicots 	 Hedera_helix 	 genomic_data 	 drHedHeli4 	 pacbio
dicots 	 Helianthemum_apenninum 	 genomic_data 	 ddHelApen1 	 hic-arima2
dicots 	 Helianthemum_nummularium 	 genomic_data 	 ddHelNumm3 	 hic-arima2
dicots 	 Helminthotheca_echioides 	 genomic_data 	 daHelEchi1 	 hic-arima2
dicots 	 Helosciadium_nodiflorum 	 genomic_data 	 drHelNodi1 	 hic-arima2
dicots 	 Hibiscus_tridactylites 	 genomic_data 	 ddHibTrid1 	 hic-arima2
dicots 	 Hippophae_rhamnoides 	 genomic_data 	 drHipRham1 	 10x
dicots 	 Hippophae_rhamnoides 	 genomic_data 	 drHipRham1 	 hic-arima2
dicots 	 Hippophae_rhamnoides 	 genomic_data 	 drHipRham1 	 pacbio
dicots 	 Hippuris_vulgaris 	 genomic_data 	 daHipVulg2 	 hic-arima2
dicots 	 Hippuris_vulgaris 	 genomic_data 	 daHipVulg2 	 pacbio
dicots 	 Honckenya_peploides 	 genomic_data 	 dcHonPepl1 	 10x
dicots 	 Honckenya_peploides 	 genomic_data 	 dcHonPepl1 	 hic-arima2
dicots 	 Honckenya_peploides 	 genomic_data 	 dcHonPepl1 	 pacbio
dicots 	 Humulus_lupulus 	 genomic_data 	 drHumLupu1 	 10x
dicots 	 Humulus_lupulus 	 genomic_data 	 drHumLupu1 	 hic-arima2
dicots 	 Humulus_lupulus 	 genomic_data 	 drHumLupu1 	 pacbio
dicots 	 Hypericum_perforatum 	 genomic_data 	 ddHypPerf1 	 pacbio
dicots 	 Hypochaeris_radicata 	 genomic_data 	 daHypRadi1 	 hic-arima2
dicots 	 Hypochaeris_radicata 	 genomic_data 	 daHypRadi1 	 pacbio
dicots 	 Ilex_aquifolium 	 genomic_data 	 drIleAqui1 	 10x
dicots 	 Ilex_aquifolium 	 genomic_data 	 drIleAqui2 	 10x
dicots 	 Ilex_aquifolium 	 genomic_data 	 drIleAqui2 	 hic-arima2
dicots 	 Ilex_aquifolium 	 genomic_data 	 drIleAqui2 	 pacbio
dicots 	 Impatiens_glandulifera 	 genomic_data 	 ddImpGlad1 	 hic-arima2
dicots 	 Impatiens_glandulifera 	 genomic_data 	 ddImpGlad1 	 pacbio
dicots 	 Impatiens_glandulifera 	 genomic_data 	 dImpGla1 	 10x
dicots 	 Impatiens_glandulifera 	 genomic_data 	 dImpGla2 	 10x
dicots 	 Impatiens_glandulifera 	 genomic_data 	 dImpGla2 	 hic-dnazoo
dicots 	 Impatiens_glandulifera 	 genomic_data 	 dImpGla2 	 pacbio
dicots 	 Impatiens_noli-tangere 	 genomic_data 	 ddImpNoli1 	 hic-arima2
dicots 	 Impatiens_noli-tangere 	 genomic_data 	 ddImpNoli1 	 pacbio
dicots 	 Inula_conyza 	 genomic_data 	 daInuConz1 	 hic-arima2
dicots 	 Jasione_montana 	 genomic_data 	 daJasMont1 	 hic-arima2
dicots 	 Jasione_montana 	 genomic_data 	 daJasMont1 	 pacbio
dicots 	 Kalmia_procumbens 	 genomic_data 	 ddKalProc1 	 hic-arima2
dicots 	 Kickxia_elatine 	 genomic_data 	 daKicElat1 	 hic-arima2
dicots 	 Knautia_arvensis 	 genomic_data 	 daKnaArve1 	 10x
dicots 	 Knautia_arvensis 	 genomic_data 	 daKnaArve1 	 hic-arima2
dicots 	 Knautia_arvensis 	 genomic_data 	 daKnaArve1 	 pacbio
dicots 	 Lactuca_saligna 	 genomic_data 	 daLacSali1 	 hic-arima2
dicots 	 Lamium_album 	 genomic_data 	 daLamAlbu1 	 hic-arima2
dicots 	 Lamium_album 	 genomic_data 	 daLamAlbu1 	 pacbio
dicots 	 Lamium_purpureum 	 genomic_data 	 daLamPurp1 	 htag
dicots 	 Lamium_purpureum 	 genomic_data 	 daLamPurp1 	 pacbio
dicots 	 Lapsana_communis 	 genomic_data 	 daLapComm1 	 hic-arima2
dicots 	 Lathraea_clandestina 	 genomic_data 	 daLatClan1 	 pacbio
dicots 	 Lathraea_squamaria 	 genomic_data 	 daLatSqua1 	 pacbio
dicots 	 Lathyrus_linifolius 	 genomic_data 	 drLatLini1 	 10x
dicots 	 Lathyrus_linifolius 	 genomic_data 	 drLatLini1 	 hic-arima2
dicots 	 Lathyrus_linifolius 	 genomic_data 	 drLatLini1 	 pacbio
dicots 	 Lathyrus_pratensis 	 genomic_data 	 drLatPrat1 	 hic-arima2
dicots 	 Leontodon_hispidus 	 genomic_data 	 daLeoHisp1 	 hic-arima2
dicots 	 Lepidium_draba 	 genomic_data 	 ddLepDrab1 	 pacbio
dicots 	 Ligusticum_scoticum 	 genomic_data 	 drLigScot1 	 hic-arima2
dicots 	 Ligusticum_scoticum 	 genomic_data 	 drLigScot1 	 pacbio
dicots 	 Ligustrum_vulgare 	 genomic_data 	 daLigVulg1 	 10x
dicots 	 Ligustrum_vulgare 	 genomic_data 	 daLigVulg1 	 pacbio
dicots 	 Limonium_binervosum 	 genomic_data 	 dcLimBine1 	 hic-arima2
dicots 	 Limosella_aquatica 	 genomic_data 	 daLimAqua1 	 hic-arima2
dicots 	 Linaria_vulgaris 	 genomic_data 	 daLinVulg1 	 hic-arima2
dicots 	 Linaria_vulgaris 	 genomic_data 	 daLinVulg1 	 pacbio
dicots 	 Linnaea_borealis 	 genomic_data 	 daLinBore1 	 10x
dicots 	 Linnaea_borealis 	 genomic_data 	 daLinBore1 	 pacbio
dicots 	 Linum_bienne 	 genomic_data 	 ddLinBien1 	 hic-arima2
dicots 	 Lobelia_dortmanna 	 genomic_data 	 daLobDort1 	 hic-arima2
dicots 	 Lonicera_periclymenum 	 genomic_data 	 daLonPeri1 	 hic-arima2
dicots 	 Lotus_corniculatus 	 genomic_data 	 drLotCorn1 	 pacbio
dicots 	 Lotus_corniculatus 	 genomic_data 	 drLotCorn2 	 hic-arima2
dicots 	 Lycopus_europaeus 	 genomic_data 	 daLycEuro1 	 10x
dicots 	 Lycopus_europaeus 	 genomic_data 	 daLycEuro1 	 hic-arima2
dicots 	 Lycopus_europaeus 	 genomic_data 	 daLycEuro1 	 pacbio
dicots 	 Lysimachia_vulgaris 	 genomic_data 	 ddLysVulg1 	 10x
dicots 	 Lysimachia_vulgaris 	 genomic_data 	 ddLysVulg1 	 hic-arima2
dicots 	 Lysimachia_vulgaris 	 genomic_data 	 ddLysVulg1 	 pacbio
dicots 	 Lythrum_salicaria 	 genomic_data 	 drLytSali1 	 10x
dicots 	 Lythrum_salicaria 	 genomic_data 	 drLytSali1 	 pacbio
dicots 	 Malus_domestica 	 genomic_data 	 drMalDome10 	 10x
dicots 	 Malus_domestica 	 genomic_data 	 drMalDome10 	 hic-arima2
dicots 	 Malus_domestica 	 genomic_data 	 drMalDome10 	 pacbio
dicots 	 Malus_domestica 	 genomic_data 	 drMalDome11 	 10x
dicots 	 Malus_domestica 	 genomic_data 	 drMalDome11 	 hic-arima2
dicots 	 Malus_domestica 	 genomic_data 	 drMalDome11 	 pacbio
dicots 	 Malus_domestica 	 genomic_data 	 drMalDome12 	 illumina
dicots 	 Malus_domestica 	 genomic_data 	 drMalDome13 	 illumina
dicots 	 Malus_domestica 	 genomic_data 	 drMalDome14 	 illumina
dicots 	 Malus_domestica 	 genomic_data 	 drMalDome15 	 illumina
dicots 	 Malus_domestica 	 genomic_data 	 drMalDome16 	 illumina
dicots 	 Malus_domestica 	 genomic_data 	 drMalDome17 	 illumina
dicots 	 Malus_domestica 	 genomic_data 	 drMalDome18 	 illumina
dicots 	 Malus_domestica 	 genomic_data 	 drMalDome19 	 illumina
dicots 	 Malus_domestica 	 genomic_data 	 drMalDome1 	 illumina
dicots 	 Malus_domestica 	 genomic_data 	 drMalDome20 	 illumina
dicots 	 Malus_domestica 	 genomic_data 	 drMalDome21 	 illumina
dicots 	 Malus_domestica 	 genomic_data 	 drMalDome22 	 illumina
dicots 	 Malus_domestica 	 genomic_data 	 drMalDome24 	 illumina
dicots 	 Malus_domestica 	 genomic_data 	 drMalDome25 	 illumina
dicots 	 Malus_domestica 	 genomic_data 	 drMalDome26 	 illumina
dicots 	 Malus_domestica 	 genomic_data 	 drMalDome27 	 illumina
dicots 	 Malus_domestica 	 genomic_data 	 drMalDome28 	 illumina
dicots 	 Malus_domestica 	 genomic_data 	 drMalDome29 	 illumina
dicots 	 Malus_domestica 	 genomic_data 	 drMalDome2 	 illumina
dicots 	 Malus_domestica 	 genomic_data 	 drMalDome30 	 illumina
dicots 	 Malus_domestica 	 genomic_data 	 drMalDome31 	 illumina
dicots 	 Malus_domestica 	 genomic_data 	 drMalDome32 	 illumina
dicots 	 Malus_domestica 	 genomic_data 	 drMalDome33 	 illumina
dicots 	 Malus_domestica 	 genomic_data 	 drMalDome34 	 illumina
dicots 	 Malus_domestica 	 genomic_data 	 drMalDome35 	 illumina
dicots 	 Malus_domestica 	 genomic_data 	 drMalDome36 	 illumina
dicots 	 Malus_domestica 	 genomic_data 	 drMalDome37 	 illumina
dicots 	 Malus_domestica 	 genomic_data 	 drMalDome38 	 illumina
dicots 	 Malus_domestica 	 genomic_data 	 drMalDome39 	 illumina
dicots 	 Malus_domestica 	 genomic_data 	 drMalDome3 	 illumina
dicots 	 Malus_domestica 	 genomic_data 	 drMalDome40 	 illumina
dicots 	 Malus_domestica 	 genomic_data 	 drMalDome41 	 illumina
dicots 	 Malus_domestica 	 genomic_data 	 drMalDome42 	 illumina
dicots 	 Malus_domestica 	 genomic_data 	 drMalDome43 	 illumina
dicots 	 Malus_domestica 	 genomic_data 	 drMalDome44 	 illumina
dicots 	 Malus_domestica 	 genomic_data 	 drMalDome45 	 illumina
dicots 	 Malus_domestica 	 genomic_data 	 drMalDome4 	 illumina
dicots 	 Malus_domestica 	 genomic_data 	 drMalDome5 	 10x
dicots 	 Malus_domestica 	 genomic_data 	 drMalDome57 	 illumina
dicots 	 Malus_domestica 	 genomic_data 	 drMalDome58 	 10x
dicots 	 Malus_domestica 	 genomic_data 	 drMalDome58 	 hic-arima2
dicots 	 Malus_domestica 	 genomic_data 	 drMalDome58 	 pacbio
dicots 	 Malus_domestica 	 genomic_data 	 drMalDome5 	 hic-arima2
dicots 	 Malus_domestica 	 genomic_data 	 drMalDome5 	 pacbio
dicots 	 Malus_domestica 	 genomic_data 	 drMalDome6 	 illumina
dicots 	 Malus_domestica 	 genomic_data 	 drMalDome7 	 illumina
dicots 	 Malus_domestica 	 genomic_data 	 drMalDome8 	 illumina
dicots 	 Malus_domestica 	 genomic_data 	 drMalDome9 	 illumina
dicots 	 Malus_sylvestris 	 genomic_data 	 drMalSylv13 	 hic-arima2
dicots 	 Malus_sylvestris 	 genomic_data 	 drMalSylv1 	 illumina
dicots 	 Malus_sylvestris 	 genomic_data 	 drMalSylv3 	 illumina
dicots 	 Malus_sylvestris 	 genomic_data 	 drMalSylv4 	 illumina
dicots 	 Malus_sylvestris 	 genomic_data 	 drMalSylv5 	 illumina
dicots 	 Malus_sylvestris 	 genomic_data 	 drMalSylv6 	 illumina
dicots 	 Malus_sylvestris 	 genomic_data 	 drMalSylv7 	 10x
dicots 	 Malus_sylvestris 	 genomic_data 	 drMalSylv7 	 hic-arima2
dicots 	 Malus_sylvestris 	 genomic_data 	 drMalSylv7 	 pacbio
dicots 	 Malus_sylvestris 	 genomic_data 	 drMalSylv80 	 illumina
dicots 	 Malus_sylvestris 	 genomic_data 	 drMalSylv82 	 illumina
dicots 	 Malus_sylvestris 	 genomic_data 	 drMalSylv83 	 illumina
dicots 	 Malus_sylvestris 	 genomic_data 	 drMalSylv84 	 illumina
dicots 	 Malus_sylvestris 	 genomic_data 	 drMalSylv85 	 illumina
dicots 	 Malus_x_robusta 	 genomic_data 	 drMalRobu1 	 illumina
dicots 	 Malva_arborea 	 genomic_data 	 ddMalArbo1 	 hic-arima2
dicots 	 Malva_moschata 	 genomic_data 	 ddMalMosc1 	 hic-arima2
dicots 	 Medicago_arabica 	 genomic_data 	 drMedArab1 	 10x
dicots 	 Medicago_arabica 	 genomic_data 	 drMedArab1 	 hic-arima2
dicots 	 Medicago_arabica 	 genomic_data 	 drMedArab1 	 pacbio
dicots 	 Melampyrum_pratense 	 genomic_data 	 daMelPrat1 	 hic-arima2
dicots 	 Melampyrum_pratense 	 genomic_data 	 daMelPrat1 	 pacbio
dicots 	 Melampyrum_sylvaticum 	 genomic_data 	 daMelSylv1 	 10x
dicots 	 Menyanthes_trifoliata 	 genomic_data 	 daMenTrif1 	 hic-arima2
dicots 	 Mercurialis_annua 	 genomic_data 	 ddMerAnnu1 	 10x
dicots 	 Mercurialis_annua 	 genomic_data 	 ddMerAnnu1 	 hic-arima2
dicots 	 Mercurialis_annua 	 genomic_data 	 ddMerAnnu1 	 pacbio
dicots 	 Mercurialis_perennis 	 genomic_data 	 ddMerPere2 	 pacbio
dicots 	 Misopates_orontium 	 genomic_data 	 daMisOron1 	 hic-arima2
dicots 	 Misopates_orontium 	 genomic_data 	 daMisOron1 	 pacbio
dicots 	 Montia_fontana 	 genomic_data 	 dcMonFont1 	 hic-arima2
dicots 	 Myrica_gale 	 genomic_data 	 dhMyrGale1 	 pacbio
dicots 	 Nuphar_lutea 	 genomic_data 	 dmNupLute1 	 hic-arima2
dicots 	 Nuphar_pumila 	 genomic_data 	 dmNupPumi1 	 hic-arima2
dicots 	 Nymphoides_peltata 	 genomic_data 	 daNymPelt1 	 10x
dicots 	 Nymphoides_peltata 	 genomic_data 	 daNymPelt1 	 pacbio
dicots 	 Odontites_vernus 	 genomic_data 	 daOdoVern1 	 hic-arima2
dicots 	 Onobrychis_viciifolia 	 genomic_data 	 drOnoVici1 	 10x
dicots 	 Onobrychis_viciifolia 	 genomic_data 	 drOnoVici1 	 pacbio
dicots 	 Ononis_repens 	 genomic_data 	 drOnoRepe1 	 10x
dicots 	 Orobanche_hederae 	 genomic_data 	 daOroHede1 	 10x
dicots 	 Orobanche_hederae 	 genomic_data 	 daOroHede1 	 pacbio
dicots 	 Orobanche_minor 	 genomic_data 	 daOroMino1 	 hic-arima2
dicots 	 Oxyria_digyna 	 genomic_data 	 dcOxyDigy1 	 hic-arima2
dicots 	 Papaver_dubium 	 genomic_data 	 dmPapDubi1 	 10x
dicots 	 Papaver_dubium 	 genomic_data 	 dmPapDubi1 	 hic-arima2
dicots 	 Papaver_dubium 	 genomic_data 	 dmPapDubi1 	 pacbio
dicots 	 Papaver_somniferum 	 genomic_data 	 dmPapSomn1 	 hic-arima2
dicots 	 Parietaria_judaica 	 genomic_data 	 drParJuda1 	 10x
dicots 	 Parietaria_judaica 	 genomic_data 	 drParJuda1 	 hic-arima2
dicots 	 Parietaria_judaica 	 genomic_data 	 drParJuda1 	 pacbio
dicots 	 Pentaglottis_sempervirens 	 genomic_data 	 daPenSemp1 	 htag
dicots 	 Pentaglottis_sempervirens 	 genomic_data 	 daPenSemp1 	 pacbio
dicots 	 Persicaria_maculosa 	 genomic_data 	 dcPerMacu1 	 10x
dicots 	 Persicaria_maculosa 	 genomic_data 	 dcPerMacu1 	 hic-arima2
dicots 	 Persicaria_maculosa 	 genomic_data 	 dcPerMacu1 	 pacbio
dicots 	 Petasites_fragrans 	 genomic_data 	 daPetFrag1 	 hic-arima2
dicots 	 Phyteuma_spicatum 	 genomic_data 	 daPhySpic1 	 hic-arima2
dicots 	 Plantago_coronopus 	 genomic_data 	 daPlaCoro1 	 hic-arima2
dicots 	 Plantago_coronopus 	 genomic_data 	 daPlaCoro1 	 pacbio
dicots 	 Plantago_lanceolata 	 genomic_data 	 daPlaLanc1 	 hic-arima2
dicots 	 Plantago_lanceolata 	 genomic_data 	 daPlaLanc3 	 pacbio
dicots 	 Plantago_maritima 	 genomic_data 	 daPlaMari1 	 hic-arima2
dicots 	 Polygala_vulgaris 	 genomic_data 	 drPolVulg3 	 hic-arima2
dicots 	 Polygonum_aviculare 	 genomic_data 	 dcPolAvic1 	 10x
dicots 	 Polygonum_aviculare 	 genomic_data 	 dcPolAvic1 	 hic-arima2
dicots 	 Polygonum_aviculare 	 genomic_data 	 dcPolAvic1 	 pacbio
dicots 	 Populus_tremula 	 genomic_data 	 ddPopTrem1 	 hic-arima2
dicots 	 Populus_tremula 	 genomic_data 	 ddPopTrem1 	 pacbio
dicots 	 Potentilla_anserina 	 genomic_data 	 drPotAnse1 	 10x
dicots 	 Potentilla_anserina 	 genomic_data 	 drPotAnse1 	 hic-arima2
dicots 	 Potentilla_anserina 	 genomic_data 	 drPotAnse1 	 pacbio
dicots 	 Primula_vulgaris 	 genomic_data 	 ddPriVulg1 	 hic-arima2
dicots 	 Prunus_domestica 	 genomic_data 	 drPruDome1 	 hic-arima2
dicots 	 Pulicaria_dysenterica 	 genomic_data 	 daPulDyse1 	 10x
dicots 	 Pulicaria_dysenterica 	 genomic_data 	 daPulDyse1 	 hic-arima2
dicots 	 Pulicaria_dysenterica 	 genomic_data 	 daPulDyse1 	 pacbio
dicots 	 Quercus_cerris 	 genomic_data 	 dhQueCerr2 	 hic-arima2
dicots 	 Quercus_robur 	 genomic_data 	 dhQueRobu3 	 10x
dicots 	 Quercus_robur 	 genomic_data 	 dhQueRobu3 	 hic-arima2
dicots 	 Quercus_robur 	 genomic_data 	 dhQueRobu3 	 pacbio
dicots 	 Ranunculus_acris 	 genomic_data 	 dmRanAcri1 	 10x
dicots 	 Ranunculus_acris 	 genomic_data 	 dmRanAcri1 	 hic-arima2
dicots 	 Ranunculus_acris 	 genomic_data 	 dmRanAcri1 	 pacbio
dicots 	 Ranunculus_bulbosus 	 genomic_data 	 dmRanBulb1 	 pacbio
dicots 	 Reseda_luteola 	 genomic_data 	 ddResLuto1 	 hic-arima2
dicots 	 Reynoutria_japonica 	 genomic_data 	 dcReyJapo1 	 10x
dicots 	 Reynoutria_japonica 	 genomic_data 	 dcReyJapo1 	 pacbio
dicots 	 Rhamnus_cathartica 	 genomic_data 	 drRhaCath1 	 hic-arima2
dicots 	 Rhamnus_cathartica 	 genomic_data 	 drRhaCath1 	 pacbio
dicots 	 Ribes_rubrum 	 genomic_data 	 drRibRubr1 	 hic-arima2
dicots 	 Rumex_acetosa 	 genomic_data 	 dcRumAcet1 	 hic-arima2
dicots 	 Rumex_acetosa 	 genomic_data 	 dcRumAcet1 	 pacbio
dicots 	 Rumex_hydrolapathum 	 genomic_data 	 dcRumHydr1 	 10x
dicots 	 Rumex_hydrolapathum 	 genomic_data 	 dcRumHydr1 	 hic-arima2
dicots 	 Rumex_hydrolapathum 	 genomic_data 	 dcRumHydr1 	 pacbio
dicots 	 Rumex_sanguineus 	 genomic_data 	 dcRumSang1 	 10x
dicots 	 Rumex_sanguineus 	 genomic_data 	 dcRumSang1 	 pacbio
dicots 	 Salix_arbuscula 	 genomic_data 	 ddSalArbu1 	 hic-arima2
dicots 	 Salix_herbacea 	 genomic_data 	 ddSalHerb1 	 hic-arima2
dicots 	 Salix_reticulata 	 genomic_data 	 ddSalReti1 	 hic-arima2
dicots 	 Salvia_verbenaca 	 genomic_data 	 daSalVerb1 	 hic-arima2
dicots 	 Salvia_verbenaca 	 genomic_data 	 daSalVerb1 	 pacbio
dicots 	 Sambucus_nigra 	 genomic_data 	 daSamNigr1 	 10x
dicots 	 Sambucus_nigra 	 genomic_data 	 daSamNigr1 	 pacbio
dicots 	 Saponaria_officinalis 	 genomic_data 	 dcSapOffi1 	 hic-arima2
dicots 	 Sarracenia_purpurea 	 genomic_data 	 ddSarPurp1 	 hic-arima2
dicots 	 Scabiosa_columbaria 	 genomic_data 	 daScaColu1 	 hic-arima2
dicots 	 Scrophularia_auriculata 	 genomic_data 	 daScrAuri1 	 pacbio
dicots 	 Scutellaria_galericulata 	 genomic_data 	 daScuGale1 	 hic-arima2
dicots 	 Scutellaria_galericulata 	 genomic_data 	 daScuGale1 	 pacbio
dicots 	 Scutellaria_minor 	 genomic_data 	 daScuMino1 	 pacbio
dicots 	 Senecio_squalidus 	 genomic_data 	 dSenSqu1 	 pacbio
dicots 	 Senecio_squalidus 	 genomic_data 	 dSenSqu2 	 10x
dicots 	 Senecio_squalidus 	 genomic_data 	 dSenSqu2 	 hic-dovetail
dicots 	 Senecio_squalidus 	 genomic_data 	 dSenSqu2 	 pacbio
dicots 	 Senecio_vulgaris 	 genomic_data 	 daSenVulg1 	 hic-arima2
dicots 	 Senecio_vulgaris 	 genomic_data 	 daSenVulg1 	 pacbio
dicots 	 Sherardia_arvensis 	 genomic_data 	 daSheArve1 	 hic-arima2
dicots 	 Sherardia_arvensis 	 genomic_data 	 daSheArve1 	 pacbio
dicots 	 Silene_acaulis 	 genomic_data 	 dcSilAcau1 	 hic-arima2
dicots 	 Silene_acaulis 	 genomic_data 	 dcSilAcau1 	 pacbio
dicots 	 Silene_dioica 	 genomic_data 	 dcSilDioi1 	 hic-arima2
dicots 	 Silene_dioica 	 genomic_data 	 dcSilDioi1 	 pacbio
dicots 	 Silene_latifolia 	 genomic_data 	 dcSilLati1 	 pacbio
dicots 	 Smyrnium_perfoliatum 	 genomic_data 	 drSmyPerf1 	 hic-arima2
dicots 	 Smyrnium_perfoliatum 	 genomic_data 	 drSmyPerf1 	 pacbio
dicots 	 Solanum_dulcamara 	 genomic_data 	 daSolDulc1 	 10x
dicots 	 Solanum_dulcamara 	 genomic_data 	 daSolDulc1 	 hic-arima2
dicots 	 Solanum_dulcamara 	 genomic_data 	 daSolDulc1 	 pacbio
dicots 	 Sorbus_aucuparia 	 genomic_data 	 drSorAucu1 	 10x
dicots 	 Sorbus_aucuparia 	 genomic_data 	 drSorAucu1 	 hic-arima2
dicots 	 Spergularia_marina 	 genomic_data 	 dcSpeMari1 	 hic-arima2
dicots 	 Stachys_palustris 	 genomic_data 	 daStaPalu1 	 10x
dicots 	 Stachys_palustris 	 genomic_data 	 daStaPalu1 	 hic-arima2
dicots 	 Stachys_palustris 	 genomic_data 	 daStaPalu1 	 pacbio
dicots 	 Stachys_sylvatica 	 genomic_data 	 daStaSylv1 	 hic-arima2
dicots 	 Stellaria_media 	 genomic_data 	 dcSteMedi1 	 10x
dicots 	 Stellaria_media 	 genomic_data 	 dcSteMedi1 	 hic-arima2
dicots 	 Stellaria_media 	 genomic_data 	 dcSteMedi1 	 pacbio
dicots 	 Suaeda_maritima 	 genomic_data 	 dcSuaMari1 	 hic-arima2
dicots 	 Suaeda_vera 	 genomic_data 	 dcSuaVera1 	 pacbio
dicots 	 Succisa_pratensis 	 genomic_data 	 daSucPrat4 	 hic-arima2
dicots 	 Tanacetum_vulgare 	 genomic_data 	 daTanVulg1 	 10x
dicots 	 Tanacetum_vulgare 	 genomic_data 	 daTanVulg1 	 hic-arima2
dicots 	 Tanacetum_vulgare 	 genomic_data 	 daTanVulg1 	 pacbio
dicots 	 Teucrium_chamaedrys 	 genomic_data 	 daTeuCham1 	 hic-arima2
dicots 	 Thymus_serpyllum 	 genomic_data 	 daThySerp1 	 10x
dicots 	 Thymus_serpyllum 	 genomic_data 	 daThySerp1 	 pacbio
dicots 	 Tilia_cordata 	 genomic_data 	 ddTilCord1 	 hic-arima2
dicots 	 Torilis_japonica 	 genomic_data 	 drTorJapo1 	 hic-arima2
dicots 	 Trifolium_dubium 	 genomic_data 	 drTriDubi2 	 hic-arima2
dicots 	 Trifolium_fragiferum 	 genomic_data 	 drTriFrag1 	 hic-arima2
dicots 	 Trifolium_fragiferum 	 genomic_data 	 drTriFrag1 	 pacbio
dicots 	 Trifolium_pratense 	 genomic_data 	 drTriPrat1 	 pacbio
dicots 	 Trifolium_pratense 	 genomic_data 	 drTriPrat2 	 hic-arima2
dicots 	 Tripleurospermum_maritimum 	 genomic_data 	 daTriMari1 	 hic-arima2
dicots 	 Trollius_europaeus 	 genomic_data 	 dmTroEuro1 	 10x
dicots 	 Trollius_europaeus 	 genomic_data 	 dmTroEuro1 	 pacbio
dicots 	 Tussilago_farfara 	 genomic_data 	 daTusFarf1 	 hic-arima2
dicots 	 Tussilago_farfara 	 genomic_data 	 daTusFarf1 	 pacbio
dicots 	 Ulex_europaeus 	 genomic_data 	 drUleEuro1 	 10x
dicots 	 Ulex_europaeus 	 genomic_data 	 drUleEuro1 	 hic-arima2
dicots 	 Ulex_europaeus 	 genomic_data 	 drUleEuro1 	 pacbio
dicots 	 Ulex_minor 	 genomic_data 	 drUleMino1 	 hic-arima2
dicots 	 Ulmus_minor 	 genomic_data 	 drUlmMino1 	 hic-arima2
dicots 	 Ulmus_plotii 	 genomic_data 	 drUlmPlot1 	 hic-arima2
dicots 	 Urtica_dioica 	 genomic_data 	 drUrtDioi1 	 pacbio
dicots 	 Urtica_urens 	 genomic_data 	 drUrtUren1 	 10x
dicots 	 Urtica_urens 	 genomic_data 	 drUrtUren1 	 hic-arima2
dicots 	 Urtica_urens 	 genomic_data 	 drUrtUren1 	 pacbio
dicots 	 Vaccinium_myrtillus 	 genomic_data 	 ddVacMyrt1 	 hic-arima2
dicots 	 Vaccinium_uliginosum 	 genomic_data 	 ddVacUlig1 	 hic-arima2
dicots 	 Vaccinium_vitis-idaea 	 genomic_data 	 ddVacViti1 	 hic-arima2
dicots 	 Valeriana_officinalis 	 genomic_data 	 daValOffi3 	 hic-arima2
dicots 	 Verbascum_nigrum 	 genomic_data 	 daVerNigr1 	 hic-arima2
dicots 	 Verbascum_thapsus 	 genomic_data 	 daVerThap1 	 hic-arima2
dicots 	 Verbena_officinalis 	 genomic_data 	 daVerOffi1 	 10x
dicots 	 Verbena_officinalis 	 genomic_data 	 daVerOffi1 	 hic-arima2
dicots 	 Verbena_officinalis 	 genomic_data 	 daVerOffi1 	 pacbio
dicots 	 Veronica_chamaedrys 	 genomic_data 	 daVerCham1 	 10x
dicots 	 Veronica_chamaedrys 	 genomic_data 	 daVerCham1 	 hic-arima2
dicots 	 Veronica_chamaedrys 	 genomic_data 	 daVerCham1 	 pacbio
dicots 	 Veronica_hederifolia 	 genomic_data 	 daVerHede4 	 pacbio
dicots 	 Veronica_montana 	 genomic_data 	 daVerMont1 	 hic-arima2
dicots 	 Veronica_spicata 	 genomic_data 	 daVerSpic1 	 hic-arima2
dicots 	 Veronica_spicata 	 genomic_data 	 daVerSpic1 	 pacbio
dicots 	 Viburnum_lantana 	 genomic_data 	 daVibLant1 	 hic-arima2
dicots 	 Viburnum_lantana 	 genomic_data 	 daVibLant1 	 pacbio
dicots 	 Vicia_cracca 	 genomic_data 	 drVicCrac1 	 10x
dicots 	 Vicia_cracca 	 genomic_data 	 drVicCrac1 	 hic-arima2
dicots 	 Vicia_cracca 	 genomic_data 	 drVicCrac1 	 pacbio
dicots 	 Vicia_sativa 	 genomic_data 	 drVicSati1 	 hic-arima2
dicots 	 Vicia_sativa 	 genomic_data 	 drVicSati1 	 pacbio
dicots 	 Viola_odorata 	 genomic_data 	 ddVioOdor1 	 hic-arima2
dicots 	 Viola_riviniana 	 genomic_data 	 ddVioRivi1 	 hic-arima2
dicots 	 Viola_tricolor 	 genomic_data 	 ddVioTric1 	 hic-arima2
dicots 	 Viscum_album 	 genomic_data 	 drVisAlbu1 	 10x
dicots 	 Viscum_album 	 genomic_data 	 drVisAlbu1 	 hic-arima2
dicots 	 Viscum_album 	 genomic_data 	 drVisAlbu1 	 pacbio
monocots 	 Agrostis_stolonifera 	 genomic_data 	 lpAgrStol1 	 hic-arima2
monocots 	 Alisma_plantago-aquatica 	 genomic_data 	 laAliPlan1 	 hic-arima2
monocots 	 Alisma_plantago-aquatica 	 genomic_data 	 laAliPlan1 	 pacbio
monocots 	 Allium_ampeloprasum 	 genomic_data 	 lsAllAmpe1 	 pacbio
monocots 	 Allium_schoenoprasum 	 genomic_data 	 lsAllScho1 	 hic-arima2
monocots 	 Allium_triquetrum 	 genomic_data 	 lsAllTriq1 	 pacbio
monocots 	 Ammophila_arenaria 	 genomic_data 	 lpAmmAren1 	 hic-arima2
monocots 	 Anacamptis_pyramidalis 	 genomic_data 	 lsAnaPyra1 	 hic-arima2
monocots 	 Aponogeton_distachyos 	 genomic_data 	 laApoDist1 	 pacbio
monocots 	 Arum_maculatum 	 genomic_data 	 laAruMacu1 	 hic-arima2
monocots 	 Arum_maculatum 	 genomic_data 	 laAruMacu1 	 pacbio
monocots 	 Avenella_flexuosa 	 genomic_data 	 lpAveFlex1 	 hic-arima2
monocots 	 Brachypodium_sylvaticum 	 genomic_data 	 lpBraSylv1 	 hic-arima2
monocots 	 Briza_media 	 genomic_data 	 lpBriMedi1 	 pacbio
monocots 	 Bromus_interruptus 	 genomic_data 	 lpBroIntr1 	 hic-arima2
monocots 	 Bromus_sterilis 	 genomic_data 	 lpBroSter1 	 hic-arima2
monocots 	 Bromus_sterilis 	 genomic_data 	 lpBroSter1 	 pacbio
monocots 	 Butomus_umbellatus 	 genomic_data 	 laButUmbe1 	 10x
monocots 	 Butomus_umbellatus 	 genomic_data 	 laButUmbe1 	 hic-arima2
monocots 	 Butomus_umbellatus 	 genomic_data 	 laButUmbe1 	 pacbio
monocots 	 Carex_bigelowii 	 genomic_data 	 lpCarBige1 	 hic-arima2
monocots 	 Carex_caryophyllea 	 genomic_data 	 lpCarCary1 	 hic-arima2
monocots 	 Carex_depauperata 	 genomic_data 	 lpCarDepa1 	 hic-arima2
monocots 	 Carex_depauperata 	 genomic_data 	 lpCarDepa1 	 pacbio
monocots 	 Carex_nigra 	 genomic_data 	 lpCarNigr1 	 hic-arima2
monocots 	 Carex_nigra 	 genomic_data 	 lpCarNigr1 	 pacbio
monocots 	 Carex_pendula 	 genomic_data 	 lpCarPend1 	 pacbio
monocots 	 Carex_remota 	 genomic_data 	 lpCarRemo1 	 hic-arima2
monocots 	 Carex_rostrata 	 genomic_data 	 lpCarRost1 	 hic-arima2
monocots 	 Carex_rostrata 	 genomic_data 	 lpCarRost1 	 pacbio
monocots 	 Cephalanthera_damasonium 	 genomic_data 	 lsCepDama1 	 hic-arima2
monocots 	 Colchicum_autumnale 	 genomic_data 	 llColAutu1 	 hic-arima2
monocots 	 Colchicum_autumnale 	 genomic_data 	 llColAutu1 	 pacbio
monocots 	 Crocosmia_x_crocosmiiflora 	 genomic_data 	 lsCroCroc1 	 hic-arima2
monocots 	 Cypripedium_calceolus 	 genomic_data 	 lsCypCalc1 	 hic-arima2
monocots 	 Dactylis_glomerata 	 genomic_data 	 lpDacGlom1 	 hic-arima2
monocots 	 Dactylorhiza_fuchsii 	 genomic_data 	 lsDacFuch1 	 hic-arima2
monocots 	 Danthonia_decumbens 	 genomic_data 	 lpDanDecu1 	 10x
monocots 	 Danthonia_decumbens 	 genomic_data 	 lpDanDecu1 	 hic-arima2
monocots 	 Danthonia_decumbens 	 genomic_data 	 lpDanDecu1 	 pacbio
monocots 	 Dioscorea_communis 	 genomic_data 	 ldDioComm1 	 10x
monocots 	 Dioscorea_communis 	 genomic_data 	 ldDioComm2 	 hic-arima2
monocots 	 Elodea_nuttallii 	 genomic_data 	 laEloNutt1 	 hic-arima2
monocots 	 Epipactis_palustris 	 genomic_data 	 lsEpiPalu1 	 hic-arima2
monocots 	 Glyceria_maxima 	 genomic_data 	 lpGlyMaxi1 	 hic-arima2
monocots 	 Hierochloe_odorata 	 genomic_data 	 lpHieOdor1 	 hic-arima2
monocots 	 Hierochloe_odorata 	 genomic_data 	 lpHieOdor1 	 pacbio
monocots 	 Holcus_lanatus 	 genomic_data 	 lpHolLana1 	 hic-arima2
monocots 	 Holcus_mollis 	 genomic_data 	 lpHolMoll1 	 10x
monocots 	 Holcus_mollis 	 genomic_data 	 lpHolMoll1 	 hic-arima2
monocots 	 Holcus_mollis 	 genomic_data 	 lpHolMoll1 	 pacbio
monocots 	 Hordeum_murinum 	 genomic_data 	 lpHorMuri1 	 hic-arima2
monocots 	 Iris_pseudacorus 	 genomic_data 	 lsIriPseu5 	 10x
monocots 	 Iris_pseudacorus 	 genomic_data 	 lsIriPseu5 	 pacbio
monocots 	 Iris_pseudacorus 	 genomic_data 	 lsIriPseu8 	 hic-arima2
monocots 	 Juncus_effusus 	 genomic_data 	 lpJunEffu1 	 10x
monocots 	 Juncus_effusus 	 genomic_data 	 lpJunEffu1 	 hic-arima2
monocots 	 Juncus_effusus 	 genomic_data 	 lpJunEffu1 	 pacbio
monocots 	 Lemna_minuta 	 genomic_data 	 laLemMinu1 	 hic-arima2
monocots 	 Leymus_arenarius 	 genomic_data 	 lpLeyAren1 	 hic-arima2
monocots 	 Leymus_arenarius 	 genomic_data 	 lpLeyAren1 	 pacbio
monocots 	 Luzula_sylvatica 	 genomic_data 	 lpLuzSylv1 	 hic-arima2
monocots 	 Luzula_sylvatica 	 genomic_data 	 lpLuzSylv1 	 pacbio
monocots 	 Narcissus_pseudonarcissus 	 genomic_data 	 lsNarPseu1 	 hic-arima2
monocots 	 Narcissus_pseudonarcissus 	 genomic_data 	 lsNarPseu1 	 pacbio
monocots 	 Narthecium_ossifragum 	 genomic_data 	 ldNarOssi1 	 hic-arima2
monocots 	 Oreojuncus_trifidus 	 genomic_data 	 lpOreTrif1 	 pacbio
monocots 	 Oreojuncus_trifidus 	 genomic_data 	 lpOreTrif5 	 hic-arima2
monocots 	 Phragmites_australis 	 genomic_data 	 lpPhrAust1 	 hic-arima2
monocots 	 Polypogon_viridis 	 genomic_data 	 lpPolViri1 	 hic-arima2
monocots 	 Pontederia_cordata 	 genomic_data 	 lcPonCord1 	 hic-arima2
monocots 	 Potamogeton_natans 	 genomic_data 	 laPotNata1 	 hic-arima2
monocots 	 Potamogeton_polygonifolius 	 genomic_data 	 laPotPoly1 	 hic-arima2
monocots 	 Ruppia_maritima 	 genomic_data 	 laRupMari1 	 hic-arima2
monocots 	 Scheuchzeria_palustris 	 genomic_data 	 laSchPalu1 	 hic-arima2
monocots 	 Schoenoplectus_lacustris 	 genomic_data 	 lpSchLacu1 	 hic-arima2
monocots 	 Schoenoplectus_lacustris 	 genomic_data 	 lpSchLacu1 	 pacbio
monocots 	 Schoenoplectus_tabernaemontani 	 genomic_data 	 lpSchTabe1 	 hic-arima2
monocots 	 Schoenoplectus_triqueter 	 genomic_data 	 lpSchTriq1 	 hic-arima2
monocots 	 Sparganium_erectum 	 genomic_data 	 lpSpaErec1 	 hic-arima2
monocots 	 Spirodela_polyrhiza 	 genomic_data 	 laSpiPoly1 	 hic-arima2
monocots 	 Stratiotes_aloides 	 genomic_data 	 laStrAloi1 	 hic-arima2
monocots 	 Triglochin_maritima 	 genomic_data 	 laTriMari1 	 hic-arima2
monocots 	 Typha_latifolia 	 genomic_data 	 lpTypLati1 	 10x
monocots 	 Typha_latifolia 	 genomic_data 	 lpTypLati1 	 hic-arima2
monocots 	 Typha_latifolia 	 genomic_data 	 lpTypLati1 	 pacbio
monocots 	 Zostera_marina 	 genomic_data 	 laZosMari1 	 hic-arima2
non-vascular-plants 	 Antitrichia_curtipendula 	 genomic_data 	 cbAntCurt1 	 hic-arima2
non-vascular-plants 	 Antitrichia_curtipendula 	 genomic_data 	 cbAntCurt2 	 hic-arima2
non-vascular-plants 	 Climacium_dendroides 	 genomic_data 	 cbCliDend1 	 hic-arima2
non-vascular-plants 	 Conocephalum_conicum 	 genomic_data 	 cmConConi3 	 hic-arima2
non-vascular-plants 	 Exsertotheca_crispa 	 genomic_data 	 cbExsCris4 	 hic-arima2
non-vascular-plants 	 Hylocomiadelphus_triquetrus 	 genomic_data 	 cbHylTriq10 	 hic-arima2
non-vascular-plants 	 Hylocomiadelphus_triquetrus 	 genomic_data 	 cbHylTriq8 	 10x
non-vascular-plants 	 Hylocomiadelphus_triquetrus 	 genomic_data 	 cbHylTriq8 	 pacbio
non-vascular-plants 	 Hylocomiadelphus_triquetrus 	 genomic_data 	 cbHylTriq9 	 pacbio
non-vascular-plants 	 Isothecium_myosuroides 	 genomic_data 	 cbIsoMyos1 	 10x
non-vascular-plants 	 Isothecium_myosuroides 	 genomic_data 	 cbIsoMyos1 	 pacbio
non-vascular-plants 	 Leucobryum_glaucum 	 genomic_data 	 cbLeuGlau1 	 hic-arima2
non-vascular-plants 	 Lunularia_cruciata 	 genomic_data 	 cmLunCruc6 	 hic-arima2
non-vascular-plants 	 Lunularia_cruciata 	 genomic_data 	 cmLunCruc9 	 10x
non-vascular-plants 	 Lunularia_cruciata 	 genomic_data 	 cmLunCruc9 	 pacbio
non-vascular-plants 	 Neckera_pumila 	 genomic_data 	 cbNecPumi1 	 10x
non-vascular-plants 	 Neckera_pumila 	 genomic_data 	 cbNecPumi1 	 pacbio
non-vascular-plants 	 Polytrichum_commune 	 genomic_data 	 cbPolComm3 	 hic-arima2
non-vascular-plants 	 Polytrichum_commune 	 genomic_data 	 cbPolComm4 	 10x
non-vascular-plants 	 Polytrichum_commune 	 genomic_data 	 cbPolComm4 	 pacbio
non-vascular-plants 	 Rhytidiadelphus_loreus 	 genomic_data 	 cbRhyLore1 	 10x
non-vascular-plants 	 Rhytidiadelphus_loreus 	 genomic_data 	 cbRhyLore1 	 pacbio
non-vascular-plants 	 Rhytidiadelphus_loreus 	 genomic_data 	 cbRhyLore5 	 hic-arima2
non-vascular-plants 	 Sphagnum_contortum 	 genomic_data 	 csSphCont1 	 hic-arima2
non-vascular-plants 	 Sphagnum_fallax 	 genomic_data 	 csSphFall3 	 hic-arima2
non-vascular-plants 	 Sphagnum_inundatum 	 genomic_data 	 csSphInun1 	 10x
non-vascular-plants 	 Sphagnum_inundatum 	 genomic_data 	 csSphInun1 	 pacbio
non-vascular-plants 	 Sphagnum_medium 	 genomic_data 	 csSphMedi1 	 hic-arima2
non-vascular-plants 	 Thamnobryum_alopecurum 	 genomic_data 	 cbThaAlop2 	 10x
non-vascular-plants 	 Thamnobryum_alopecurum 	 genomic_data 	 cbThaAlop2 	 pacbio
non-vascular-plants 	 Thuidium_delicatulum 	 genomic_data 	 cbThuDeli2 	 10x
non-vascular-plants 	 Thuidium_delicatulum 	 genomic_data 	 cbThuDeli2 	 pacbio
non-vascular-plants 	 Thuidium_tamariscinum 	 genomic_data 	 cbThuTama2 	 10x
non-vascular-plants 	 Thuidium_tamariscinum 	 genomic_data 	 cbThuTama2 	 pacbio
non-vascular-plants 	 Thuidium_tamariscinum 	 genomic_data 	 cbThuTama6 	 hic-arima2
vascular-plants 	 Adiantum_capillus-veneris 	 genomic_data 	 voAdiCapi1 	 hic-arima2
vascular-plants 	 Asplenium_ceterach 	 genomic_data 	 voAspCete1 	 hic-arima2
vascular-plants 	 Asplenium_marinum 	 genomic_data 	 voAspMari1 	 hic-arima2
vascular-plants 	 Asplenium_scolopendrium 	 genomic_data 	 voAspScol1 	 10x
vascular-plants 	 Asplenium_scolopendrium 	 genomic_data 	 voAspScol1 	 pacbio
vascular-plants 	 Asplenium_trichomanes 	 genomic_data 	 voAspTric1 	 hic-arima2
vascular-plants 	 Asplenium_viride 	 genomic_data 	 voAspViri1 	 hic-arima2
vascular-plants 	 Athyrium_distentifolium 	 genomic_data 	 voAthDist1 	 hic-arima2
vascular-plants 	 Cystopteris_montana 	 genomic_data 	 voCysMont1 	 hic-arima2
vascular-plants 	 Dryopteris_filix-mas 	 genomic_data 	 voDryFili1 	 hic-arima2
vascular-plants 	 Equisetum_arvense 	 genomic_data 	 veEquArve1 	 10x
vascular-plants 	 Equisetum_arvense 	 genomic_data 	 veEquArve1 	 hic-arima2
vascular-plants 	 Equisetum_hyemale 	 genomic_data 	 veEquHyem1 	 pacbio
vascular-plants 	 Equisetum_palustre 	 genomic_data 	 veEquPalu1 	 10x
vascular-plants 	 Equisetum_palustre 	 genomic_data 	 veEquPalu1 	 hic-arima2
vascular-plants 	 Equisetum_palustre 	 genomic_data 	 veEquPalu1 	 pacbio
vascular-plants 	 Equisetum_sylvaticum 	 genomic_data 	 veEquSylv1 	 hic-arima2
vascular-plants 	 Equisetum_telmateia 	 genomic_data 	 veEquTelm1 	 10x
vascular-plants 	 Equisetum_telmateia 	 genomic_data 	 veEquTelm1 	 pacbio
vascular-plants 	 Huperzia_selago 	 genomic_data 	 vlHupSela1 	 hic-arima2
vascular-plants 	 Huperzia_selago 	 genomic_data 	 vlHupSela1 	 pacbio
vascular-plants 	 Lycopodium_clavatum 	 genomic_data 	 vlLycClav1 	 10x
vascular-plants 	 Lycopodium_clavatum 	 genomic_data 	 vlLycClav1 	 hic-arima2
vascular-plants 	 Polypodium_vulgare 	 genomic_data 	 voPolVulg1 	 10x
vascular-plants 	 Polypodium_vulgare 	 genomic_data 	 voPolVulg1 	 hic-arima2
vascular-plants 	 Polypodium_vulgare 	 genomic_data 	 voPolVulg1 	 pacbio
vascular-plants 	 Selaginella_selaginoides 	 genomic_data 	 vlSelSela1 	 hic-arima2
